#{"t_start": 1791327050.542608, "env_id": "None"}
r,l,t,is_success,curriculum_stage,reach_success,grasp_success,lift_success,transport_success,above_cup_success,correct_release,placement_success
-2.205709,500,2.376059,False,1,False,False,False,False,False,False,False
-3.989908,500,3.428604,False,1,False,False,False,False,False,False,False
-6.923598,500,4.499163,False,1,False,False,False,False,False,False,False
0.95224,500,5.555664,False,1,False,False,False,False,False,False,False
-0.53725,500,8.020434,False,1,False,False,False,False,False,False,False
-6.228025,500,9.088557,False,1,False,False,False,False,False,False,False
0.219581,500,10.216969,False,1,False,False,False,False,False,False,False
-5.711921,500,11.30017,False,1,False,False,False,False,False,False,False
0.457811,500,13.768349,False,1,False,False,False,False,False,False,False
2.129863,500,14.847937,False,1,False,False,False,False,False,False,False
0.555124,500,15.95913,False,1,False,False,False,False,False,False,False
2.210014,500,17.083889,False,1,False,False,False,False,False,False,False
4.619798,500,19.514342,False,1,False,False,False,False,False,False,False
7.301439,500,20.677317,False,1,False,False,False,False,False,False,False
5.474337,500,21.807673,False,1,False,False,False,False,False,False,False
-6.540281,500,22.853256,False,1,False,False,False,False,False,False,False
-7.696671,500,25.331543,False,1,False,False,False,False,False,False,False
8.490404,500,26.468752,False,1,False,False,False,False,False,False,False
0.621671,500,27.657154,False,1,False,False,False,False,False,False,False
0.732939,500,28.76974,False,1,False,False,False,False,False,False,False
3.330916,500,31.174957,False,1,False,False,False,False,False,False,False
2.7525,500,32.419218,False,1,False,False,False,False,False,False,False
4.792607,500,33.60341,False,1,False,False,False,False,False,False,False
6.326506,500,34.743176,False,1,False,False,False,False,False,False,False
3.979083,500,37.238623,False,1,False,False,False,False,False,False,False
2.532138,500,38.466253,False,1,False,False,False,False,False,False,False
0.665433,500,39.637708,False,1,False,False,False,False,False,False,False
7.672948,500,40.852779,False,1,False,False,False,False,False,False,False
4.299589,500,43.459236,False,1,False,False,False,False,False,False,False
6.332914,500,44.593814,False,1,False,False,False,False,False,False,False
4.889737,500,45.721941,False,1,False,False,False,False,False,False,False
7.610752,500,46.857302,False,1,False,False,False,False,False,False,False
8.808579,500,49.374206,False,1,False,False,False,False,False,False,False
0.347143,500,50.616462,False,1,False,False,False,False,False,False,False
1.95108,500,51.782328,False,1,False,False,False,False,False,False,False
2.241907,500,52.933924,False,1,False,False,False,False,False,False,False
2.426283,500,55.345901,False,1,False,False,False,False,False,False,False
2.658917,500,56.494563,False,1,False,False,False,False,False,False,False
3.006698,500,57.698035,False,1,False,False,False,False,False,False,False
-1.378178,500,58.912503,False,1,False,False,False,False,False,False,False
8.278543,500,61.321961,False,1,False,False,False,False,False,False,False
-2.109775,500,62.543281,False,1,False,False,False,False,False,False,False
-0.147455,500,63.669531,False,1,False,False,False,False,False,False,False
7.411541,500,64.859223,False,1,False,False,False,False,False,False,False
8.059803,500,66.08486,False,1,False,False,False,False,False,False,False
7.052655,500,68.687544,False,1,False,False,False,False,False,False,False
3.687998,500,69.910822,False,1,False,False,False,False,False,False,False
6.185748,500,71.158719,False,1,False,False,False,False,False,False,False
6.760315,500,72.385729,False,1,False,False,False,False,False,False,False
7.531996,500,74.865437,False,1,False,False,False,False,False,False,False
5.798974,500,76.158162,False,1,False,False,False,False,False,False,False
-1.365441,500,77.383277,False,1,False,False,False,False,False,False,False
6.602664,500,78.626639,False,1,False,False,False,False,False,False,False
7.658773,500,81.200782,False,1,False,False,False,False,False,False,False
7.753736,500,82.388967,False,1,False,False,False,False,False,False,False
7.431764,500,83.577812,False,1,False,False,False,False,False,False,False
-1.463262,500,84.818524,False,1,False,False,False,False,False,False,False
5.433454,500,87.242671,False,1,False,True,False,False,False,False,False
-0.023101,500,88.381745,False,1,False,False,False,False,False,False,False
7.028602,500,89.56435,False,1,False,False,False,False,False,False,False
1.35348,500,90.722857,False,1,False,False,False,False,False,False,False
6.890548,500,93.35496,False,1,False,False,False,False,False,False,False
6.910711,500,94.563689,False,1,False,False,False,False,False,False,False
4.008553,500,95.769075,False,1,False,False,False,False,False,False,False
5.864405,500,96.969364,False,1,False,False,False,False,False,False,False
-0.095037,500,99.387057,False,1,False,False,False,False,False,False,False
7.873656,500,100.544527,False,1,False,False,False,False,False,False,False
-0.857759,500,101.695033,False,1,False,False,False,False,False,False,False
4.420336,500,102.808805,False,1,False,False,False,False,False,False,False
7.218664,500,105.293751,False,1,False,False,False,False,False,False,False
2.696421,500,106.447243,False,1,False,False,False,False,False,False,False
4.683407,500,107.606415,False,1,False,False,False,False,False,False,False
6.748119,500,108.724568,False,1,False,False,False,False,False,False,False
5.529488,500,111.177382,False,1,False,False,False,False,False,False,False
7.181404,500,112.368308,False,1,False,False,False,False,False,False,False
4.889068,500,113.535913,False,1,False,False,False,False,False,False,False
5.850362,500,114.676121,False,1,False,False,False,False,False,False,False
6.781245,500,117.171525,False,1,False,False,False,False,False,False,False
7.819889,500,118.362345,False,1,False,False,False,False,False,False,False
4.131832,500,119.478149,False,1,False,False,False,False,False,False,False
3.125131,500,120.611057,False,1,False,False,False,False,False,False,False
6.806676,500,122.96908,False,1,False,False,False,False,False,False,False
2.597871,500,124.079731,False,1,False,False,False,False,False,False,False
4.7802,500,125.204442,False,1,False,False,False,False,False,False,False
5.203463,500,126.344486,False,1,False,False,False,False,False,False,False
3.261897,500,127.499239,False,1,False,False,False,False,False,False,False
4.898932,500,129.862907,False,1,False,False,False,False,False,False,False
0.639252,500,130.979674,False,1,False,False,False,False,False,False,False
3.824941,500,132.085191,False,1,False,False,False,False,False,False,False
5.034007,500,133.182398,False,1,False,False,False,False,False,False,False
2.694136,500,135.570876,False,1,False,False,False,False,False,False,False
4.970541,500,136.685024,False,1,False,False,False,False,False,False,False
5.753939,500,137.781558,False,1,False,False,False,False,False,False,False
2.647166,500,138.871051,False,1,False,False,False,False,False,False,False
6.419812,500,141.221264,False,1,False,False,False,False,False,False,False
5.694052,500,142.30917,False,1,False,False,False,False,False,False,False
2.83201,500,143.399827,False,1,False,False,False,False,False,False,False
5.574187,500,144.476093,False,1,False,False,False,False,False,False,False
6.191077,500,146.782446,False,1,False,False,False,False,False,False,False
6.034803,500,147.851438,False,1,False,False,False,False,False,False,False
5.936542,500,148.960454,False,1,False,False,False,False,False,False,False
6.715308,500,150.071486,False,1,False,False,False,False,False,False,False
6.800128,500,152.412124,False,1,False,False,False,False,False,False,False
6.387222,500,153.483942,False,1,False,False,False,False,False,False,False
6.583701,500,154.571518,False,1,False,False,False,False,False,False,False
6.476691,500,155.670246,False,1,False,False,False,False,False,False,False
7.225356,500,158.010299,False,1,False,False,False,False,False,False,False
6.530501,500,159.084864,False,1,False,False,False,False,False,False,False
5.598744,500,160.148895,False,1,False,False,False,False,False,False,False
6.602366,500,161.226143,False,1,False,False,False,False,False,False,False
7.260699,500,163.612192,False,1,False,False,False,False,False,False,False
4.671253,500,164.681461,False,1,False,False,False,False,False,False,False
6.84734,500,165.753174,False,1,False,False,False,False,False,False,False
6.261168,500,166.820652,False,1,False,False,False,False,False,False,False
7.1113,500,169.176032,False,1,False,False,False,False,False,False,False
6.226635,500,170.270719,False,1,False,False,False,False,False,False,False
7.517954,500,171.337348,False,1,False,False,False,False,False,False,False
7.712698,500,172.424054,False,1,False,False,False,False,False,False,False
6.130402,500,174.907179,False,1,False,False,False,False,False,False,False
6.023758,500,175.976073,False,1,False,False,False,False,False,False,False
6.045139,500,177.047061,False,1,False,False,False,False,False,False,False
5.425743,500,178.119873,False,1,False,False,False,False,False,False,False
7.967462,500,180.49947,False,1,False,False,False,False,False,False,False
7.676372,500,181.618213,False,1,False,False,False,False,False,False,False
6.541736,500,182.71157,False,1,False,False,False,False,False,False,False
7.324913,500,183.817614,False,1,False,False,False,False,False,False,False
8.104648,500,186.278165,False,1,False,False,False,False,False,False,False
6.499219,500,187.359353,False,1,False,False,False,False,False,False,False
8.060263,500,188.465216,False,1,False,False,False,False,False,False,False
5.718872,500,189.546513,False,1,False,False,False,False,False,False,False
7.450081,500,190.681905,False,1,False,False,False,False,False,False,False
6.695461,500,193.281004,False,1,False,False,False,False,False,False,False
6.734511,500,194.371166,False,1,False,False,False,False,False,False,False
7.478323,500,195.443359,False,1,False,False,False,False,False,False,False
6.642256,500,196.509714,False,1,False,False,False,False,False,False,False
7.340824,500,198.913794,False,1,False,False,False,False,False,False,False
6.870917,500,199.986074,False,1,False,False,False,False,False,False,False
7.328962,500,201.065119,False,1,False,False,False,False,False,False,False
7.472646,500,202.149414,False,1,False,False,False,False,False,False,False
7.449905,500,204.465425,False,1,False,False,False,False,False,False,False
7.756635,500,205.534994,False,1,False,False,False,False,False,False,False
7.642097,500,206.603655,False,1,False,False,False,False,False,False,False
7.436387,500,207.66756,False,1,False,False,False,False,False,False,False
7.152753,500,210.058867,False,1,False,False,False,False,False,False,False
8.117709,500,211.14191,False,1,False,False,False,False,False,False,False
6.814769,500,212.216758,False,1,False,False,False,False,False,False,False
8.161765,500,213.302881,False,1,False,False,False,False,False,False,False
8.633276,500,215.764383,False,1,False,False,False,False,False,False,False
7.334837,500,216.848951,False,1,False,False,False,False,False,False,False
7.978768,500,217.917501,False,1,False,False,False,False,False,False,False
7.523983,500,219.021495,False,1,False,False,False,False,False,False,False
7.588094,500,221.455367,False,1,False,False,False,False,False,False,False
7.846757,500,222.529388,False,1,False,False,False,False,False,False,False
8.756801,500,223.591533,False,1,False,False,False,False,False,False,False
8.066332,500,224.683757,False,1,False,False,False,False,False,False,False
7.730258,500,227.06532,False,1,False,False,False,False,False,False,False
9.251741,500,228.131521,False,1,False,False,False,False,False,False,False
8.178099,500,229.206498,False,1,False,False,False,False,False,False,False
9.017514,500,230.26827,False,1,False,False,False,False,False,False,False
9.124878,500,232.624768,False,1,False,False,False,False,False,False,False
7.907343,500,233.697699,False,1,False,False,False,False,False,False,False
8.853511,500,234.766036,False,1,False,False,False,False,False,False,False
8.61107,500,235.860188,False,1,False,False,False,False,False,False,False
8.600357,500,238.256476,False,1,False,False,False,False,False,False,False
7.192559,500,239.345733,False,1,False,False,False,False,False,False,False
8.613996,500,240.440373,False,1,False,False,False,False,False,False,False
9.679048,500,241.522087,False,1,False,False,False,False,False,False,False
7.211109,500,243.957023,False,1,False,False,False,False,False,False,False
7.980053,500,245.032187,False,1,False,False,False,False,False,False,False
7.708459,500,246.108187,False,1,False,False,False,False,False,False,False
7.171305,500,247.180575,False,1,False,False,False,False,False,False,False
7.399161,500,248.277378,False,1,False,False,False,False,False,False,False
8.828173,500,250.611954,False,1,False,False,False,False,False,False,False
9.460489,500,251.683028,False,1,False,False,False,False,False,False,False
9.371383,500,252.784517,False,1,False,False,False,False,False,False,False
8.678902,500,253.860744,False,1,False,False,False,False,False,False,False
8.427855,500,256.323418,False,1,False,False,False,False,False,False,False
6.972616,500,257.408048,False,1,False,False,False,False,False,False,False
6.491281,500,258.483565,False,1,False,False,False,False,False,False,False
6.512893,500,259.552891,False,1,False,False,False,False,False,False,False
9.23256,500,262.032174,False,1,False,False,False,False,False,False,False
9.629005,500,263.127103,False,1,False,False,False,False,False,False,False
7.673579,500,264.204782,False,1,False,False,False,False,False,False,False
9.837098,500,265.292195,False,1,False,False,False,False,False,False,False
9.969716,500,267.722776,False,1,False,False,False,False,False,False,False
5.359439,500,268.855127,False,1,False,False,False,False,False,False,False
5.730436,500,269.959984,False,1,False,False,False,False,False,False,False
8.697552,500,271.057007,False,1,False,False,False,False,False,False,False
8.209049,500,273.620386,False,1,False,False,False,False,False,False,False
7.614571,500,274.76253,False,1,False,False,False,False,False,False,False
8.027574,500,275.873324,False,1,False,False,False,False,False,False,False
8.602508,500,276.963314,False,1,False,False,False,False,False,False,False
9.674008,500,279.311574,False,1,False,False,False,False,False,False,False
8.399328,500,280.408017,False,1,False,False,False,False,False,False,False
8.057137,500,281.506762,False,1,False,False,False,False,False,False,False
8.46058,500,282.587652,False,1,False,False,False,False,False,False,False
7.900724,500,285.036548,False,1,False,False,False,False,False,False,False
7.509894,500,286.15684,False,1,False,False,False,False,False,False,False
8.942936,500,287.229052,False,1,False,False,False,False,False,False,False
7.528895,500,288.321234,False,1,False,False,False,False,False,False,False
7.707097,500,338.895433,False,1,False,False,False,False,False,False,False
9.822204,500,340.008659,False,1,False,False,False,False,False,False,False
8.040178,500,341.127955,False,1,False,False,False,False,False,False,False
7.137555,500,342.243074,False,1,False,False,False,False,False,False,False
10.078737,500,344.935874,False,1,False,False,False,False,False,False,False
7.610176,500,346.0343,False,1,False,False,False,False,False,False,False
7.275978,500,347.152844,False,1,False,False,False,False,False,False,False
8.583727,500,348.265194,False,1,False,False,False,False,False,False,False
9.135335,500,350.785241,False,1,False,False,False,False,False,False,False
9.609425,500,351.896298,False,1,False,False,False,False,False,False,False
8.695848,500,352.980219,False,1,False,False,False,False,False,False,False
8.44383,500,354.101754,False,1,False,False,False,False,False,False,False
9.155043,500,356.99521,False,1,False,False,False,False,False,False,False
8.491668,500,358.121672,False,1,False,False,False,False,False,False,False
8.7993,500,359.228552,False,1,False,False,False,False,False,False,False
9.464931,500,360.312804,False,1,False,False,False,False,False,False,False
8.452854,500,361.410319,False,1,False,False,False,False,False,False,False
8.828329,500,364.320488,False,1,False,False,False,False,False,False,False
8.819718,500,365.417507,False,1,False,False,False,False,False,False,False
8.472961,500,366.510768,False,1,False,False,False,False,False,False,False
9.24224,500,367.604064,False,1,False,False,False,False,False,False,False
9.55756,500,370.509889,False,1,False,False,False,False,False,False,False
9.54456,500,371.622487,False,1,False,False,False,False,False,False,False
8.850204,500,372.734237,False,1,False,False,False,False,False,False,False
6.097056,500,373.869665,False,1,False,False,False,False,False,False,False
7.699923,500,376.803849,False,1,False,False,False,False,False,False,False
8.318632,500,377.918498,False,1,False,False,False,False,False,False,False
8.811446,500,379.010205,False,1,False,False,False,False,False,False,False
9.097429,500,380.100036,False,1,False,False,False,False,False,False,False
10.358751,500,382.688877,False,1,False,False,False,False,False,False,False
8.744364,500,383.777795,False,1,False,False,False,False,False,False,False
9.429234,500,384.873301,False,1,False,False,False,False,False,False,False
9.990548,500,385.977154,False,1,False,False,False,False,False,False,False
8.204042,500,388.903092,False,1,False,False,False,False,False,False,False
7.399695,500,390.025691,False,1,False,False,False,False,False,False,False
9.294609,500,391.152709,False,1,False,False,False,False,False,False,False
8.439292,500,392.248868,False,1,False,False,False,False,False,False,False
9.095032,500,394.741375,False,1,False,False,False,False,False,False,False
8.194899,500,395.873999,False,1,False,False,False,False,False,False,False
7.750236,500,396.972926,False,1,False,False,False,False,False,False,False
8.141044,500,398.086511,False,1,False,False,False,False,False,False,False
9.581509,500,400.446608,False,1,False,False,False,False,False,False,False
9.965736,500,401.580287,False,1,False,False,False,False,False,False,False
8.137394,500,402.72057,False,1,False,True,False,False,False,False,False
8.484217,500,403.83068,False,1,False,False,False,False,False,False,False
8.544768,500,406.238504,False,1,False,False,False,False,False,False,False
9.092316,500,407.353362,False,1,False,False,False,False,False,False,False
9.325731,500,408.474099,False,1,False,False,False,False,False,False,False
8.629964,500,409.611671,False,1,False,False,False,False,False,False,False
9.34702,500,412.023039,False,1,False,False,False,False,False,False,False
10.226773,500,462.160045,False,1,False,False,False,False,False,False,False
9.181566,500,463.248446,False,1,False,False,False,False,False,False,False
6.978889,500,464.345381,False,1,False,True,False,False,False,False,False
9.62527,500,467.264866,False,1,False,False,False,False,False,False,False
10.383927,500,468.352858,False,1,False,False,False,False,False,False,False
9.020989,500,469.456122,False,1,False,False,False,False,False,False,False
7.030521,500,470.562706,False,1,False,True,False,False,False,False,False
10.095816,500,471.646749,False,1,False,False,False,False,False,False,False
10.121959,500,474.537882,False,1,False,False,False,False,False,False,False
9.99168,500,475.613704,False,1,False,False,False,False,False,False,False
9.095255,500,476.689047,False,1,False,False,False,False,False,False,False
10.402351,500,477.77041,False,1,False,False,False,False,False,False,False
8.609215,500,480.649063,False,1,False,False,False,False,False,False,False
9.779783,500,481.733882,False,1,False,False,False,False,False,False,False
10.039168,500,482.805126,False,1,False,False,False,False,False,False,False
9.350454,500,483.881942,False,1,False,False,False,False,False,False,False
9.812219,500,486.63612,False,1,False,False,False,False,False,False,False
8.680438,500,487.717218,False,1,False,False,False,False,False,False,False
10.188661,500,488.792099,False,1,False,False,False,False,False,False,False
10.480929,500,489.862951,False,1,False,False,False,False,False,False,False
9.181265,500,492.730984,False,1,False,False,False,False,False,False,False
9.847285,500,493.80538,False,1,False,False,False,False,False,False,False
10.197962,500,494.886929,False,1,False,False,False,False,False,False,False
9.733252,500,495.973405,False,1,False,False,False,False,False,False,False
10.996702,500,498.863639,False,1,False,False,False,False,False,False,False
10.663823,500,499.990174,False,1,False,False,False,False,False,False,False
10.548499,500,501.104613,False,1,False,False,False,False,False,False,False
10.20645,500,502.225769,False,1,False,False,False,False,False,False,False
10.604318,500,505.093535,False,1,False,False,False,False,False,False,False
10.299688,500,506.175327,False,1,False,False,False,False,False,False,False
6.881911,500,507.290866,False,1,False,True,False,False,False,False,False
6.847925,500,508.388148,False,1,False,True,False,False,False,False,False
10.229883,500,511.21727,False,1,False,False,False,False,False,False,False
10.509492,500,512.295048,False,1,False,False,False,False,False,False,False
10.233241,500,513.367953,False,1,False,False,False,False,False,False,False
10.076215,500,514.437415,False,1,False,False,False,False,False,False,False
9.264278,500,517.213404,False,1,False,False,False,False,False,False,False
7.311623,500,518.336029,False,1,False,True,False,False,False,False,False
10.418006,500,519.415378,False,1,False,False,False,False,False,False,False
10.663234,500,520.487074,False,1,False,False,False,False,False,False,False
10.070432,500,523.412323,False,1,False,False,False,False,False,False,False
7.62005,500,524.510988,False,1,False,True,False,False,False,False,False
10.433168,500,525.632679,False,1,False,False,False,False,False,False,False
10.592638,500,526.75843,False,1,False,False,False,False,False,False,False
9.665055,500,529.711723,False,1,False,False,False,False,False,False,False
10.54231,500,530.793118,False,1,False,False,False,False,False,False,False
9.874627,500,531.871367,False,1,False,False,False,False,False,False,False
10.615487,500,532.942863,False,1,False,False,False,False,False,False,False
8.755507,500,534.023187,False,1,False,False,False,False,False,False,False
10.968912,500,536.781103,False,1,False,False,False,False,False,False,False
7.927785,500,584.975735,False,1,False,False,False,False,False,False,False
10.438158,500,586.047366,False,1,False,False,False,False,False,False,False
10.968003,500,587.134556,False,1,False,False,False,False,False,False,False
9.481385,500,589.64399,False,1,False,False,False,False,False,False,False
9.637665,500,590.721416,False,1,False,False,False,False,False,False,False
11.262002,500,591.792646,False,1,False,False,False,False,False,False,False
9.919416,500,592.866674,False,1,False,False,False,False,False,False,False
6.876148,500,595.524914,False,1,False,True,False,False,False,False,False
9.648708,500,596.597714,False,1,False,False,False,False,False,False,False
9.789869,500,597.683696,False,1,False,False,False,False,False,False,False
9.347322,500,598.765171,False,1,False,False,False,False,False,False,False
10.3077,500,601.242611,False,1,False,False,False,False,False,False,False
10.473264,500,602.331377,False,1,False,False,False,False,False,False,False
9.391488,500,603.406684,False,1,False,False,False,False,False,False,False
7.398718,500,604.504951,False,1,False,True,False,False,False,False,False
8.79761,500,606.942802,False,1,False,False,False,False,False,False,False
10.607547,500,608.021897,False,1,False,False,False,False,False,False,False
10.789405,500,609.105039,False,1,False,False,False,False,False,False,False
9.209509,500,610.191018,False,1,False,False,False,False,False,False,False
7.818482,500,612.948591,False,1,False,True,False,False,False,False,False
8.770898,500,614.027314,False,1,False,False,False,False,False,False,False
10.346647,500,615.098347,False,1,False,False,False,False,False,False,False
10.223899,500,616.16936,False,1,False,False,False,False,False,False,False
9.905499,500,619.041424,False,1,False,False,False,False,False,False,False
9.826267,500,620.115761,False,1,False,False,False,False,False,False,False
10.794264,500,621.18318,False,1,False,False,False,False,False,False,False
11.102601,500,622.290294,False,1,False,False,False,False,False,False,False
10.781819,500,625.122931,False,1,False,False,False,False,False,False,False
11.264506,500,626.202855,False,1,False,False,False,False,False,False,False
9.855752,500,627.275827,False,1,False,False,False,False,False,False,False
7.718116,500,628.354628,False,1,False,False,False,False,False,False,False
9.979949,500,631.276912,False,1,False,False,False,False,False,False,False
11.521249,500,632.363463,False,1,False,False,False,False,False,False,False
10.739073,500,633.453115,False,1,False,False,False,False,False,False,False
10.860572,500,634.558152,False,1,False,False,False,False,False,False,False
11.176349,500,637.360737,False,1,False,False,False,False,False,False,False
8.396933,500,638.543666,False,1,False,False,False,False,False,False,False
10.566623,500,639.655727,False,1,False,False,False,False,False,False,False
10.729282,500,640.76008,False,1,False,False,False,False,False,False,False
8.446431,500,643.747406,False,1,False,False,False,False,False,False,False
11.14089,500,644.85848,False,1,False,False,False,False,False,False,False
8.351386,500,645.971811,False,1,False,False,False,False,False,False,False
8.216733,500,647.09498,False,1,False,False,False,False,False,False,False
8.851318,500,648.22528,False,1,False,False,False,False,False,False,False
9.572939,500,651.115949,False,1,False,False,False,False,False,False,False
7.002635,500,652.325104,False,1,False,True,False,False,False,False,False
9.740218,500,653.49379,False,1,False,False,False,False,False,False,False
8.095816,500,654.651516,False,1,False,False,False,False,False,False,False
10.267834,500,657.520561,False,1,False,False,False,False,False,False,False
10.998213,500,658.605746,False,1,False,False,False,False,False,False,False
10.820286,500,706.913661,False,1,False,False,False,False,False,False,False
8.236495,500,708.117683,False,1,False,False,False,False,False,False,False
8.731246,500,711.009461,False,1,False,False,False,False,False,False,False
7.45809,500,712.176829,False,1,False,False,False,False,False,False,False
7.929846,500,713.353369,False,1,False,False,False,False,False,False,False
7.71288,500,714.509809,False,1,False,False,False,False,False,False,False
9.106657,500,717.461415,False,1,False,False,False,False,False,False,False
9.345157,500,718.530981,False,1,False,False,False,False,False,False,False
9.113816,500,719.655829,False,1,False,False,False,False,False,False,False
10.791967,500,720.728153,False,1,False,False,False,False,False,False,False
9.780621,500,723.508725,False,1,False,False,False,False,False,False,False
8.38279,500,724.716655,False,1,False,False,False,False,False,False,False
10.38008,500,725.796656,False,1,False,False,False,False,False,False,False
10.053246,500,726.924682,False,1,False,False,False,False,False,False,False
9.925807,500,729.701498,False,1,False,False,False,False,False,False,False
10.399403,500,730.788123,False,1,False,False,False,False,False,False,False
10.987105,500,731.864097,False,1,False,False,False,False,False,False,False
10.164651,500,732.944383,False,1,False,False,False,False,False,False,False
10.973273,500,735.398613,False,1,False,False,False,False,False,False,False
10.429871,500,736.474725,False,1,False,False,False,False,False,False,False
10.687673,500,737.55214,False,1,True,False,False,False,False,False,False
9.764999,500,738.624393,False,1,False,False,False,False,False,False,False
10.607069,500,741.386363,False,1,False,False,False,False,False,False,False
11.026976,500,742.47543,False,1,False,False,False,False,False,False,False
9.61667,500,743.550123,False,1,False,False,False,False,False,False,False
9.77736,500,744.622006,False,1,False,False,False,False,False,False,False
9.305663,500,747.487692,False,1,False,False,False,False,False,False,False
10.940072,500,748.563707,False,1,False,False,False,False,False,False,False
11.052864,500,749.642711,False,1,False,False,False,False,False,False,False
10.609303,500,750.726442,False,1,False,False,False,False,False,False,False
10.675837,500,753.490094,False,1,False,False,False,False,False,False,False
11.053562,500,754.567426,False,1,False,False,False,False,False,False,False
10.554531,500,755.643991,False,1,True,False,False,False,False,False,False
9.952983,500,756.724305,False,1,False,False,False,False,False,False,False
9.965987,500,757.801043,False,1,False,False,False,False,False,False,False
11.145101,500,760.467292,False,1,False,False,False,False,False,False,False
11.457455,500,761.538245,False,1,False,False,False,False,False,False,False
11.242541,500,762.614317,False,1,False,False,False,False,False,False,False
10.968094,500,763.68901,False,1,False,False,False,False,False,False,False
11.14564,500,766.460691,False,1,False,False,False,False,False,False,False
10.052094,500,767.529433,False,1,False,False,False,False,False,False,False
11.409016,500,768.610723,False,1,False,False,False,False,False,False,False
11.566077,500,769.68587,False,1,False,False,False,False,False,False,False
11.27751,500,772.451026,False,1,False,False,False,False,False,False,False
10.487222,500,773.528055,False,1,False,False,False,False,False,False,False
11.706821,500,774.606785,False,1,False,False,False,False,False,False,False
10.845778,500,775.687906,False,1,False,False,False,False,False,False,False
19.259082,500,778.828294,False,1,False,True,True,False,False,False,False
11.381259,500,779.907488,False,1,False,False,False,False,False,False,False
10.902829,500,780.980333,False,1,False,False,False,False,False,False,False
10.603414,500,829.638446,False,1,False,False,False,False,False,False,False
11.510506,500,832.235315,False,1,False,False,False,False,False,False,False
10.987629,500,833.322576,False,1,False,False,False,False,False,False,False
11.56671,500,834.407864,False,1,False,False,False,False,False,False,False
10.446965,500,835.497478,False,1,False,False,False,False,False,False,False
10.965812,500,838.453789,False,1,False,False,False,False,False,False,False
10.9532,500,839.542569,False,1,False,False,False,False,False,False,False
10.164562,500,840.630934,False,1,False,False,False,False,False,False,False
