time/time_elapsed,time/iterations,rollout/ep_rew_mean,rollout/success_rate,time/total_timesteps,time/fps,rollout/ep_len_mean,train/entropy_loss,train/explained_variance,train/policy_gradient_loss,train/clip_fraction,train/value_loss,train/loss,train/std,train/clip_range,train/approx_kl,train/n_updates,train/learning_rate
4,1,-3.04174375,0.0,2048,470,500.0,,,,,,,,,,,
10,2,-3.0530737500000003,0.0,4096,401,500.0,-0.19930596947669982,0.0459667444229126,-0.029477169271558523,0.278515625,0.17143624611198902,0.047051288187503815,0.25028935074806213,0.2,0.025468009,5,0.0001
16,3,-1.5893148333333336,0.0,6144,381,500.0,-0.2066905379295349,-0.024193525314331055,-0.02560592664522119,0.23916015625,0.12252612672746181,0.034709200263023376,0.25062891840934753,0.2,0.021108452,10,0.0001
21,4,-0.5135303125,0.0,8192,373,500.0,-0.21235290467739104,0.47097277641296387,-0.019325177627615632,0.19990234375,0.13372208531945945,0.04403441399335861,0.2506733536720276,0.2,0.01967045,15,0.0001
27,5,-0.30340710000000004,0.0,10240,365,500.0,-0.21243267953395845,0.6044270992279053,-0.01810480726417154,0.18564453125,0.1377036239951849,0.017390768975019455,0.2507384717464447,0.2,0.023436472,20,0.0001
34,6,0.4639327916666667,0.0,12288,360,500.0,-0.2147117555141449,0.6152422428131104,-0.018427883298136293,0.213671875,0.2418074607849121,0.10123352706432343,0.25080814957618713,0.2,0.021911807,25,0.0001
40,7,0.9279996071428572,0.0,14336,355,500.0,-0.2165336549282074,0.5355179309844971,-0.017624418198829518,0.1724609375,0.21323012448847295,0.061205241829156876,0.25092455744743347,0.2,0.017564025,30,0.0001
46,8,1.53490565625,0.0,16384,352,500.0,-0.22002798020839692,0.7657782435417175,-0.01721781233791262,0.1703125,0.23578647933900357,0.027581993490457535,0.25109997391700745,0.2,0.018710125,35,0.0001
52,9,1.7351580555555557,0.0,18432,350,500.0,-0.2222420781850815,0.9061895608901978,-0.019501720159314572,0.26142578125,0.15356709752231837,0.07399818301200867,0.25108182430267334,0.2,0.02343145,40,0.0001
58,10,1.7294852500000002,0.0,20480,348,500.0,-0.22056007385253906,0.9054723381996155,-0.012278661283198744,0.14794921875,0.1897750459611416,0.0490848571062088,0.250956654548645,0.2,0.014921689,45,0.0001
64,11,2.0149348222222225,0.0,22528,347,500.0,-0.21875238716602324,0.9301833510398865,-0.015704797639045864,0.208984375,0.23298020679503678,0.042351432144641876,0.25096753239631653,0.2,0.018555637,50,0.0001
71,12,2.333852714285715,0.0,24576,344,500.0,-0.22004395425319673,0.940491259098053,-0.016609491687268017,0.1705078125,0.27898344658315183,0.04663855582475662,0.25103309750556946,0.2,0.018094666,55,0.0001
77,13,2.5080561509433967,0.0,26624,343,500.0,-0.22181256711483002,0.9445897936820984,-0.01881332325283438,0.21416015625,0.2215036854147911,0.06703820824623108,0.25112107396125793,0.2,0.015968364,60,0.0001
83,14,2.7071576666666672,0.0,28672,341,500.0,-0.2234875440597534,0.9556758999824524,-0.013342847500462085,0.17041015625,0.19052848890423774,0.04514884948730469,0.25119102001190186,0.2,0.012382487,65,0.0001
89,15,2.7557446229508202,0.0,30720,341,500.0,-0.2244199901819229,0.972515344619751,-0.016999152104835956,0.18798828125,0.15586271230131388,0.02030300721526146,0.2512272298336029,0.2,0.019776521,70,0.0001
96,16,2.9503790615384617,0.0,32768,340,500.0,-0.22624795138835907,0.9556338787078857,-0.015893393114674838,0.153515625,0.27066994793713095,0.06679333746433258,0.2512977123260498,0.2,0.016710093,75,0.0001
102,17,2.943707753623189,0.0,34816,340,500.0,-0.22685199081897736,0.9803792834281921,-0.01810773793840781,0.203125,0.12461961284279824,0.020491108298301697,0.25129103660583496,0.2,0.020857286,80,0.0001
108,18,3.07482802739726,0.0,36864,340,500.0,-0.22712739408016205,0.9746306538581848,-0.014071919338312,0.1677734375,0.15976018607616424,0.0439147874712944,0.2513331472873688,0.2,0.016647013,85,0.0001
114,19,3.219646337662337,0.0,38912,340,500.0,-0.2285488396883011,0.9841668605804443,-0.013484550779685378,0.14052734375,0.09822535375133157,0.032379359006881714,0.2513922154903412,0.2,0.015018689,90,0.0001
120,20,3.3305045061728396,0.0,40960,340,500.0,-0.22876153290271758,0.9841060042381287,-0.017436045821523295,0.1974609375,0.10303098652511836,0.014727577567100525,0.25132840871810913,0.2,0.014855558,95,0.0001
126,21,3.4002438604651157,0.0,43008,340,500.0,-0.22478907704353332,0.9762645959854126,-0.015577961457893252,0.16728515625,0.12364388760179282,0.03185790404677391,0.25103721022605896,0.2,0.017364834,100,0.0001
131,22,3.4090900444444445,0.0,45056,341,500.0,-0.21781344413757325,0.975560188293457,-0.014568867266643793,0.18984375,0.12483830153942108,0.04634757712483406,0.2508111894130707,0.2,0.017640743,105,0.0001
137,23,3.434934957446809,0.0,47104,341,500.0,-0.21354970932006836,0.9839129447937012,-0.014560905483085662,0.175,0.09660989800468087,0.014987211674451828,0.2506464719772339,0.2,0.017116172,110,0.0001
143,24,3.5041219081632655,0.0,49152,342,500.0,-0.2122003972530365,0.9743818640708923,-0.01243053875514306,0.16943359375,0.13677088860422373,0.04630103334784508,0.2507712244987488,0.2,0.016592821,115,0.0001
149,25,3.74477294,0.0,51200,343,500.0,-0.2163367599248886,0.9870260953903198,-0.014244818047154694,0.20341796875,0.0638700251467526,0.010265188291668892,0.25092387199401855,0.2,0.017173767,120,0.0001
154,26,4.1346166900000005,0.0,53248,343,500.0,-0.21887924075126647,0.9866064190864563,-0.012931627896614372,0.17197265625,0.07325802072882652,0.03286829590797424,0.2510110139846802,0.2,0.023099532,125,0.0001
160,27,4.42323302,0.0,55296,344,500.0,-0.21830088794231414,0.9892084002494812,-0.016590369609184565,0.2162109375,0.05922234524041414,0.011658528819680214,0.2508355975151062,0.2,0.01762905,130,0.0001
166,28,4.5267738699999995,0.0,57344,344,500.0,-0.21345956027507781,0.987790584564209,-0.014321141684195026,0.1896484375,0.05998364221304655,-0.016598867252469063,0.25064828991889954,0.2,0.022360459,135,0.0001
171,29,4.81518185,0.0,59392,345,500.0,-0.2119834154844284,0.9878776669502258,-0.01506221629679203,0.18984375,0.05281205656938255,0.007661677896976471,0.2507174611091614,0.2,0.018849675,140,0.0001
177,30,4.9770520099999995,0.0,61440,345,500.0,-0.21211319267749787,0.991876482963562,-0.014273766346741467,0.18486328125,0.040642456524074076,-0.0022746343165636063,0.2506166398525238,0.2,0.01519979,145,0.0001
183,31,5.0958535000000005,0.0,63488,345,500.0,-0.20948492884635925,0.9832370281219482,-0.012324013642501085,0.1669921875,0.06900166906416416,0.034117862582206726,0.25054165720939636,0.2,0.018401321,150,0.0001
189,32,5.215578119999999,0.0,65536,345,500.0,-0.21012660264968872,0.99002605676651,-0.015478560386691242,0.18759765625,0.046547270845621824,-0.003200449049472809,0.2506699860095978,0.2,0.015286289,155,0.0001
195,33,5.30390809,0.0,67584,345,500.0,-0.21074171662330626,0.9872498512268066,-0.013683792005758732,0.19765625,0.0612736027687788,0.013547192327678204,0.2505231201648712,0.2,0.019433286,160,0.0001
201,34,5.490703530000001,0.0,69632,346,500.0,-0.2085234373807907,0.9900025725364685,-0.011552405037218706,0.1865234375,0.0406880590133369,-0.009413623251020908,0.2506040036678314,0.2,0.015500802,165,0.0001
206,35,5.747122419999999,0.0,71680,346,500.0,-0.20877820253372192,0.9918689131736755,-0.01079859231831506,0.1705078125,0.03740356652997434,0.01615288481116295,0.2504540979862213,0.2,0.0147123765,170,0.0001
212,36,5.7874724099999995,0.0,73728,346,500.0,-0.20517253875732422,0.9913753867149353,-0.012463539000600576,0.14833984375,0.03243210166692734,-0.006705518811941147,0.2503346800804138,0.2,0.015601173,175,0.0001
218,37,5.83941072,0.0,75776,347,500.0,-0.20274316370487214,0.990700364112854,-0.012424794666003436,0.18388671875,0.038507676823064683,-0.01083449274301529,0.250290185213089,0.2,0.016538844,180,0.0001
224,38,5.955493239999999,0.0,77824,347,500.0,-0.202114936709404,0.9908547401428223,-0.013937308522872626,0.21259765625,0.03477783794514835,-0.021992333233356476,0.25021836161613464,0.2,0.02119197,185,0.0001
229,39,6.183480810000001,0.0,79872,347,500.0,-0.20045590102672578,0.9891663193702698,-0.012563089892501012,0.1865234375,0.04617727762088179,-0.0034953951835632324,0.2501964867115021,0.2,0.018099107,190,0.0001
235,40,6.306615419999999,0.0,81920,347,500.0,-0.20130936801433563,0.9925956726074219,-0.013283624756149947,0.198828125,0.03347638314589858,-0.0029486697167158127,0.25027570128440857,0.2,0.020745471,195,0.0001
241,41,6.47095925,0.0,83968,348,500.0,-0.20201920568943024,0.992767333984375,-0.013411172339692712,0.18994140625,0.036585075920447706,0.016470585018396378,0.250232458114624,0.2,0.019270856,200,0.0001
247,42,6.664049429999999,0.0,86016,348,500.0,-0.20100472271442413,0.9906847476959229,-0.014138729337719268,0.21328125,0.0368950089905411,0.013389692641794682,0.2502210736274719,0.2,0.017779514,205,0.0001
252,43,6.783958110000001,0.0,88064,348,500.0,-0.20072872340679168,0.9925276637077332,-0.01652263312134892,0.24287109375,0.031808157544583084,-0.0003345860168337822,0.25020429491996765,0.2,0.021607302,210,0.0001
258,44,6.822171279999999,0.0,90112,348,500.0,-0.19962723553180695,0.9919707179069519,-0.013107541622594,0.1931640625,0.034601014805957675,0.007456844672560692,0.25009801983833313,0.2,0.017387994,215,0.0001
264,45,7.01279492,0.0,92160,348,500.0,-0.1969797432422638,0.9866900444030762,-0.013427437009522692,0.22216796875,0.04264164362102747,0.007976584136486053,0.25001469254493713,0.2,0.01743861,220,0.0001
270,46,7.170330909999999,0.0,94208,348,500.0,-0.19378920197486876,0.9904747605323792,-0.012484603538177907,0.184375,0.03461948661133647,-0.005634566769003868,0.2498290091753006,0.2,0.017466284,225,0.0001
276,47,7.32963168,0.0,96256,348,500.0,-0.18909403681755066,0.9815160036087036,-0.014056531921960413,0.23076171875,0.06198006086051464,0.005010601133108139,0.2496378868818283,0.2,0.022311881,230,0.0001
281,48,7.470392519999999,0.0,98304,348,500.0,-0.185893914103508,0.9879867434501648,-0.014913936331868171,0.22001953125,0.039992577582597735,-0.005556175485253334,0.2495456337928772,0.2,0.018874988,235,0.0001
335,49,7.58289624,0.0,100352,298,500.0,-0.18312954008579255,0.9907163381576538,-0.014432118798140436,0.19736328125,0.03531746272929013,-0.01627238094806671,0.2493801712989807,0.2,0.015713036,240,0.0001
341,50,7.651574579999999,0.0,102400,299,500.0,-0.18052400648593903,0.9893724322319031,-0.010587762983050197,0.24970703125,0.033249447029083966,0.0014499109238386154,0.24939435720443726,0.2,0.022597138,245,0.0001
347,51,7.7188982699999995,0.0,104448,300,500.0,-0.18005587458610534,0.9879845976829529,-0.00996487142983824,0.18359375,0.03812172147445381,0.012919316068291664,0.24929867684841156,0.2,0.022062853,250,0.0001
353,52,7.83641203,0.0,106496,300,500.0,-0.1764646828174591,0.9915980100631714,-0.012895022198790684,0.17783203125,0.03035041708499193,-0.010576007887721062,0.24910438060760498,0.2,0.01622039,255,0.0001
360,53,7.940406019999999,0.0,108544,301,500.0,-0.17289634943008422,0.9912430644035339,-0.01556671828730032,0.21767578125,0.032174832886084914,-0.005462702363729477,0.24903137981891632,0.2,0.017755179,260,0.0001
366,54,8.034918530000002,0.0,110592,301,500.0,-0.17162684500217437,0.9928946495056152,-0.010834001481998711,0.15732421875,0.03241630047559738,0.007883991114795208,0.24899722635746002,0.2,0.015570378,265,0.0001
372,55,8.099299199999999,0.0,112640,302,500.0,-0.1697609007358551,0.990625262260437,-0.01617475339444354,0.20869140625,0.030585279548540713,-0.010730966925621033,0.2488863319158554,0.2,0.027731176,270,0.0001
379,56,8.13868307,0.0,114688,302,500.0,-0.1665444016456604,0.9908077120780945,-0.013420605519786476,0.21982421875,0.031531645357608794,-0.0072124917060136795,0.24869079887866974,0.2,0.01978124,275,0.0001
385,57,8.257922789999999,0.0,116736,303,500.0,-0.1614912211894989,0.991363525390625,-0.011317483405582607,0.18896484375,0.032465287996456024,0.007633591070771217,0.24851064383983612,0.2,0.021699328,280,0.0001
391,58,8.30797597,0.0,118784,303,500.0,-0.1567559063434601,0.9914988875389099,-0.01474798452691175,0.215625,0.029206525161862375,-0.01755472645163536,0.24824027717113495,0.2,0.023619339,285,0.0001
397,59,8.339706599999998,0.0,120832,303,500.0,-0.15012417137622833,0.9862200021743774,-0.013250576547579839,0.23525390625,0.04205482904799283,-0.007484467700123787,0.24798612296581268,0.2,0.024717137,290,0.0001
403,60,8.397905699999999,0.0,122880,304,500.0,-0.14529848396778106,0.9892497658729553,-0.015256140322890133,0.205078125,0.032734179263934494,-0.00287562794983387,0.24786776304244995,0.2,0.019865785,295,0.0001
409,61,8.444387019999999,0.0,124928,305,500.0,-0.14322588145732879,0.9777321815490723,-0.013748543779365718,0.197265625,0.06642525354400278,0.03374525159597397,0.2478124052286148,0.2,0.022069981,300,0.0001
464,62,8.492353479999998,0.0,126976,273,500.0,-0.14097561538219452,0.9914495348930359,-0.01480663325637579,0.20283203125,0.025321766384877264,-0.014710679650306702,0.24768130481243134,0.2,0.02088546,305,0.0001
470,63,8.5340864,0.0,129024,274,500.0,-0.13837051391601562,0.9811370968818665,-0.011667994630988688,0.20068359375,0.057130946312099695,0.007158171385526657,0.24762050807476044,0.2,0.023843607,310,0.0001
476,64,8.581166389999998,0.0,131072,275,500.0,-0.1360931307077408,0.9762730598449707,-0.012784165830817073,0.20830078125,0.08281463319435715,0.007661936804652214,0.2474488466978073,0.2,0.022712644,315,0.0001
482,65,8.62877277,0.0,133120,275,500.0,-0.1317029505968094,0.9922310709953308,-0.013219707529060543,0.21396484375,0.020099622337147592,0.0038263085298240185,0.2472655028104782,0.2,0.021158012,320,0.0001
488,66,8.69460855,0.0,135168,276,500.0,-0.12846751809120177,0.9937059879302979,-0.015411103679798543,0.2375,0.016875545680522918,-0.01650577411055565,0.24722838401794434,0.2,0.021772116,325,0.0001
495,67,8.755614909999998,0.0,137216,277,500.0,-0.12877172529697417,0.9934843182563782,-0.01567154403310269,0.22646484375,0.017755480669438838,-0.015619189478456974,0.24727900326251984,0.2,0.020072533,330,0.0001
501,68,8.84526209,0.0,139264,277,500.0,-0.1288796365261078,0.9928542375564575,-0.012066083471290767,0.22216796875,0.020300765405409038,0.0014591109938919544,0.24720607697963715,0.2,0.02258432,335,0.0001
507,69,8.872943119999999,0.0,141312,278,500.0,-0.12798773646354675,0.9933409094810486,-0.014264682034263388,0.20751953125,0.019628100306726994,-0.02924766205251217,0.24726653099060059,0.2,0.019097934,340,0.0001
513,70,8.95503311,0.0,143360,278,500.0,-0.13027807828542348,0.9699748754501343,-0.015223042812903185,0.2014358108108108,0.09089445473777281,-0.0027582067996263504,0.24735717475414276,0.2,0.037745167,345,0.0001
520,71,9.02908844,0.0,145408,279,500.0,-0.1320858806371689,0.9929396510124207,-0.015157793991966173,0.19052734375,0.020097245112992823,-0.024476617574691772,0.2474224716424942,0.2,0.016516127,350,0.0001
526,72,9.06921714,0.0,147456,280,500.0,-0.13282592594623566,0.9704031348228455,-0.014271648065187038,0.21796875,0.07128668138757348,-0.009436959400773048,0.2473657876253128,0.2,0.022165366,355,0.0001
532,73,9.155034290000001,0.0,149504,280,500.0,-0.1301615744829178,0.9743295311927795,-0.012013553350698203,0.16533203125,0.06397904469631613,-0.0008367160335183144,0.2472403198480606,0.2,0.0182874,360,0.0001
585,74,9.22707913,0.0,151552,258,500.0,-0.12757440209388732,0.9912485480308533,-0.01739702923805453,0.2111328125,0.02313774763606489,-0.0018779896199703217,0.24718479812145233,0.2,0.017833782,365,0.0001
591,75,9.30905935,0.0,153600,259,500.0,-0.1253076285123825,0.9928862452507019,-0.012997965968679637,0.1705078125,0.01882493414450437,-0.009064988233149052,0.24701015651226044,0.2,0.019247971,370,0.0001
597,76,9.305436469999998,0.0,155648,260,500.0,-0.12256474792957306,0.9936336278915405,-0.014554513187613338,0.22255859375,0.016492389142513275,-0.010773509740829468,0.24700866639614105,0.2,0.021991355,375,0.0001
603,77,9.33224976,0.0,157696,261,500.0,-0.12399462461471558,0.9764934182167053,-0.014508111914619804,0.2013671875,0.06271519167348742,0.026339635252952576,0.24711914360523224,0.2,0.024127398,380,0.0001
609,78,9.370632149999999,0.0,159744,262,500.0,-0.12667105495929717,0.9705568552017212,-0.011602256348123775,0.180859375,0.0717588764615357,0.04725687950849533,0.2472277134656906,0.2,0.023804277,385,0.0001
615,79,9.3740582,0.0,161792,262,500.0,-0.1280284732580185,0.9793388247489929,-0.010767027281690388,0.185546875,0.054312244337052104,0.006604979746043682,0.24716563522815704,0.2,0.017028859,390,0.0001
621,80,9.48068636,0.0,163840,263,500.0,-0.1261899709701538,0.9871001243591309,-0.009779489517677575,0.1939453125,0.028636602498590947,-0.0027908990159630775,0.24712230265140533,0.2,0.014106549,395,0.0001
627,81,9.506768390000001,0.0,165888,264,500.0,-0.12310079634189605,0.9923958778381348,-0.01481416446622461,0.19267578125,0.019503464084118606,-0.00813950877636671,0.2468581646680832,0.2,0.017817026,400,0.0001
634,82,9.58754163,0.0,167936,264,500.0,-0.1189335823059082,0.9894408583641052,-0.016885706083849074,0.26806640625,0.02483020294457674,-0.0005297930911183357,0.24692855775356293,0.2,0.020754328,405,0.0001
640,83,9.64599518,0.0,169984,265,500.0,-0.12217809557914734,0.9936962127685547,-0.013262998661957681,0.22646484375,0.016431267908774316,-0.011743299663066864,0.24702595174312592,0.2,0.025482647,410,0.0001
646,84,9.66030357,0.0,172032,265,500.0,-0.12364754378795624,0.9861196875572205,-0.013838448084425182,0.211328125,0.03222472919151187,0.0018103625625371933,0.2470369189977646,0.2,0.021355482,415,0.0001
653,85,9.649949330000002,0.0,174080,266,500.0,-0.1229336529970169,0.9904994368553162,-0.015575524768792093,0.2154296875,0.02648183568380773,0.01438360195606947,0.2469872385263443,0.2,0.020104792,420,0.0001
707,86,9.679324379999999,0.0,176128,249,500.0,-0.12314186990261078,0.9739710092544556,-0.015456731291487813,0.2486328125,0.0691055671311915,0.006469023413956165,0.24706465005874634,0.2,0.027195288,425,0.0001
713,87,9.63755425,0.0,178176,249,500.0,-0.12483657896518707,0.9889979958534241,-0.015239926101639868,0.21669921875,0.024422610830515622,-0.026619303971529007,0.2470928430557251,0.2,0.02014099,430,0.0001
719,88,9.648730460000001,0.0,180224,250,500.0,-0.12414632737636566,0.9855794906616211,-0.010054879286326469,0.21943359375,0.03731408603489399,-0.005399154499173164,0.24704182147979736,0.2,0.02399794,435,0.0001
726,89,9.65583179,0.0,182272,250,500.0,-0.1232224553823471,0.9904431700706482,-0.015749212424270808,0.2876953125,0.026362753566354515,-0.013453707098960876,0.24701018631458282,0.2,0.022368224,440,0.0001
732,90,9.69177866,0.0,184320,251,500.0,-0.12316990494728089,0.9880333542823792,-0.01677986712893471,0.2373046875,0.030382224591448903,-0.015194425359368324,0.24705617129802704,0.2,0.021558862,445,0.0001
738,91,9.713355420000001,0.0,186368,252,500.0,-0.12425248026847839,0.9898803234100342,-0.018082638317719103,0.228125,0.025034974655136467,-0.004845025017857552,0.24708706140518188,0.2,0.021152016,450,0.0001
744,92,9.70771878,0.0,188416,253,500.0,-0.12327176630496979,0.9882343411445618,-0.01489625747781247,0.2166015625,0.028224792517721652,-0.008921101689338684,0.24695254862308502,0.2,0.023277082,455,0.0001
750,93,9.710208249999999,0.0,190464,253,500.0,-0.12030445039272308,0.9921289086341858,-0.016169255261775105,0.18115234375,0.019068023841828107,-0.01784469187259674,0.24689753353595734,0.2,0.016683113,460,0.0001
756,94,9.78521273,0.0,192512,254,500.0,-0.12022320926189423,0.993669331073761,-0.014009066473226995,0.187890625,0.01553889203350991,-0.014934814535081387,0.24693310260772705,0.2,0.015917217,465,0.0001
762,95,9.862643419999998,0.0,194560,255,500.0,-0.11895285546779633,0.9940003156661987,-0.013428918871795759,0.21123046875,0.018526395503431558,0.005992100108414888,0.24675077199935913,0.2,0.017886043,470,0.0001
768,96,9.916502849999999,0.0,196608,255,500.0,-0.11395472586154938,0.9933862686157227,-0.012920244492124765,0.20166015625,0.016473913565278053,-0.005763891153037548,0.24653221666812897,0.2,0.018548198,475,0.0001
774,97,9.95292986,0.0,198656,256,500.0,-0.10926427841186523,0.9937480688095093,-0.016134548850823195,0.25703125,0.014187780092470348,-0.019508149474859238,0.24642522633075714,0.2,0.03022325,480,0.0001
828,98,10.091718790000002,0.0,200704,242,500.0,-0.11085441410541534,0.967858076095581,-0.014713760081212968,0.22353515625,0.06877426002174616,0.003775089979171753,0.24666865170001984,0.2,0.02710087,485,0.0001
834,99,10.131584779999999,0.0,202752,242,500.0,-0.11659896075725555,0.8280025720596313,-0.0034980381722562017,0.15947265625,0.32331257639452815,0.14513158798217773,0.24686278402805328,0.2,0.019179469,490,0.0001
